{
  "inputs": {
    "t1_eval_dir": "meld_data/output/three_level_eval/t1_baseline_val52/unbudgeted_ppv",
    "tracka_eval_dir": "meld_data/output/three_level_eval/trackA_v2_fmrihemi_inject2_tieredlow_thr0.5773_area60_a30_t80",
    "fmri_eval_dir": "meld_data/output/three_level_eval/v2_gat3_diceproxy_deploy_real_fmrihemi_a30_t80"
  },
  "params": {
    "n_boot": 10000,
    "seed": 42,
    "n_perm": 20000
  },
  "point_estimates": {
    "t1": {
      "n_subjects": 52.0,
      "vertex_dsc_mean": 0.366567424091554,
      "clusters_per_subject_mean": 1.3653846153846154,
      "fp_per_patient_mean": 0.6346153846153846,
      "fp_per_patient_ppv50_mean": 0.9230769230769231,
      "precision_boxdsc": 0.4507042253521127,
      "precision_ppv50": 0.323943661971831,
      "sensitivity_boxdsc": 0.6153846153846154,
      "sensitivity_ppv50": 0.4423076923076923,
      "f1_boxdsc": 0.5203252032520326,
      "f1_ppv50": 0.37398373983739835,
      "detection_rate_boxdsc": 0.6153846153846154,
      "detection_rate_distance": 0.8269230769230769,
      "detection_rate_ppv50": 0.4423076923076923,
      "pinpointing_rate": 0.6346153846153846,
      "recall_at_0.15": 0.6538461538461539,
      "n_detected_boxdsc": 32.0,
      "n_detected_distance": 43.0,
      "n_detected_ppv50": 23.0,
      "n_pinpointed": 33.0,
      "n_recall_at_0.15": 34.0,
      "n_total_clusters": 71.0,
      "n_tp_clusters_boxdsc": 32.0,
      "n_tp_clusters_ppv50": 23.0
    },
    "trackA": {
      "n_subjects": 52.0,
      "vertex_dsc_mean": 0.3967954400290529,
      "clusters_per_subject_mean": 1.6346153846153846,
      "fp_per_patient_mean": 0.6923076923076923,
      "fp_per_patient_ppv50_mean": 1.1730769230769231,
      "precision_boxdsc": 0.5058823529411764,
      "precision_ppv50": 0.2823529411764706,
      "sensitivity_boxdsc": 0.8269230769230769,
      "sensitivity_ppv50": 0.46153846153846156,
      "f1_boxdsc": 0.6277372262773723,
      "f1_ppv50": 0.35036496350364965,
      "detection_rate_boxdsc": 0.8269230769230769,
      "detection_rate_distance": 0.9423076923076923,
      "detection_rate_ppv50": 0.46153846153846156,
      "pinpointing_rate": 0.6538461538461539,
      "recall_at_0.15": 0.75,
      "n_detected_boxdsc": 43.0,
      "n_detected_distance": 49.0,
      "n_detected_ppv50": 24.0,
      "n_pinpointed": 34.0,
      "n_recall_at_0.15": 39.0,
      "n_total_clusters": 85.0,
      "n_tp_clusters_boxdsc": 43.0,
      "n_tp_clusters_ppv50": 24.0
    },
    "fmri": {
      "n_subjects": 52.0,
      "vertex_dsc_mean": 0.1101746545268307,
      "clusters_per_subject_mean": 1.8076923076923077,
      "fp_per_patient_mean": 1.2115384615384615,
      "fp_per_patient_ppv50_mean": 1.5961538461538463,
      "precision_boxdsc": 0.2127659574468085,
      "precision_ppv50": 0.11702127659574468,
      "sensitivity_boxdsc": 0.38461538461538464,
      "sensitivity_ppv50": 0.19230769230769232,
      "f1_boxdsc": 0.273972602739726,
      "f1_ppv50": 0.14550264550264552,
      "detection_rate_boxdsc": 0.38461538461538464,
      "detection_rate_distance": 0.7115384615384616,
      "detection_rate_ppv50": 0.19230769230769232,
      "pinpointing_rate": 0.23076923076923078,
      "recall_at_0.15": 0.3269230769230769,
      "n_detected_boxdsc": 20.0,
      "n_detected_distance": 37.0,
      "n_detected_ppv50": 10.0,
      "n_pinpointed": 12.0,
      "n_recall_at_0.15": 17.0,
      "n_total_clusters": 94.0,
      "n_tp_clusters_boxdsc": 20.0,
      "n_tp_clusters_ppv50": 11.0
    }
  },
  "paired_tests": {
    "DSC_signflip_p": 0.08004599770011499,
    "FP_signflip_p": 0.7630618469076547,
    "clusters_per_subject_signflip_p": 0.03864806759662017,
    "FP_PPV50_signflip_p": 0.07789610519474026,
    "Det_boxDSC_mcnemar_p": 0.00341796875,
    "Det_boxDSC_n01": 12,
    "Det_boxDSC_n10": 1,
    "Det_distance_mcnemar_p": 0.109375,
    "Det_distance_n01": 8,
    "Det_distance_n10": 2,
    "Det_PPV50_mcnemar_p": 1.0,
    "Det_PPV50_n01": 2,
    "Det_PPV50_n10": 1,
    "Pinpoint_mcnemar_p": 1.0,
    "Pinpoint_n01": 4,
    "Pinpoint_n10": 3,
    "Recall015_mcnemar_p": 0.125,
    "Recall015_n01": 6,
    "Recall015_n10": 1,
    "Precision_boot_p": 0.2808,
    "Sensitivity_boot_p": 0.0012,
    "F1_boot_p": 0.0346,
    "Pinpoint_boot_p": 0.8474,
    "Det_PPV50_boot_p": 0.7824,
    "Det_distance_boot_p": 0.0646,
    "Recall015_boot_p": 0.0598,
    "Precision_PPV50_boot_p": 0.2474,
    "Sensitivity_PPV50_boot_p": 0.7824,
    "F1_PPV50_boot_p": 0.4782
  }
}
